{
  "environment": "local",
  "logLevel": "debug",
  "logPath": "/app_logs",
  "logFileWrite": true,
  "listenPort": 80,
  "listenIP": "0.0.0.0",
  "gatekeeper": {
    "siteHost": "local.ge.com",
    "maxAttempts": 1,
    "requestTimeout": 60000,
    "cacheSize": 1500,
    "gatekeeperClientID": "b5b8e0bef9cd1eb9c2f8",
    "gatekeeperClientSecret": "d0cf6506b767aa9a795e",
    "gatekeeperValidationKey": "",
    "authPath": "",
    "apiSecret": {}
  },
  "structpaths": {
    "js": "app/requireConfig"
  },
  "applications": {
    "forms": "dev.forms.ge.com",
    "mashups": "dev.mashups.ge.com",
    "workflows": "dev.workflows.ge.com",
    "communities": "dev.communities.ge.com",
    "surveys": "dev.surveys.ge.com",
    "io": "dev.reports.supportcentral.ge.com",
    "supportcentral": "dev.supportcentral.ge.com"
  },
  "apipaths": {
    "home": "proxy/local.communities.ge.com:8182",
    "communities": "proxy/dev.api.communities.ge.com",
    "forms": "proxy/dev.api.forms.ge.com",
    "workflows": "proxy/dev.api.workflows.ge.com",
    "io": "internal_proxy/dev.api.io.ge.com"
  }
}